[{"model": "quiz.partido", "pk": 1, "fields": {"nombre_partido": "Partido Nacionalista Peruano", "web_partido": "http://www.partidonacionalistaperuano.org.pe", "color_partido": "#FF0829", "logo_partido": ""}}, {"model": "quiz.partido", "pk": 2, "fields": {"nombre_partido": "Partido Humanista Peruano", "web_partido": "http://partidohumanistaperu.blogspot.com/", "color_partido": "#006603", "logo_partido": ""}}, {"model": "quiz.partido", "pk": 3, "fields": {"nombre_partido": "Peru Libertario", "web_partido": "", "color_partido": "#FF270F", "logo_partido": ""}}, {"model": "quiz.partido", "pk": 4, "fields": {"nombre_partido": "El Frente Amplio Por Justicia, Vida y Libertad", "web_partido": "http://frenteamplioperu.blogspot.pe/", "color_partido": "#017815", "logo_partido": ""}}, {"model": "quiz.partido", "pk": 5, "fields": {"nombre_partido": "Peru Patria Segura", "web_partido": "http://www.perupatriasegura.org.pe/", "color_partido": "#737CFF", "logo_partido": ""}}, {"model": "quiz.partido", "pk": 6, "fields": {"nombre_partido": "Peruanos por el Kambio", "web_partido": "http://www.ppk.pe", "color_partido": "#ED008C", "logo_partido": ""}}, {"model": "quiz.partido", "pk": 7, "fields": {"nombre_partido": "Progresando Peru", "web_partido": "", "color_partido": "#8F0000", "logo_partido": ""}}, {"model": "quiz.partido", "pk": 9, "fields": {"nombre_partido": "Fuerza Popular", "web_partido": "http://www.fuerzapopular.pe", "color_partido": "#FF8C40", "logo_partido": ""}}, {"model": "quiz.partido", "pk": 10, "fields": {"nombre_partido": "Todos por el Per\u00fa", "web_partido": "http://todosporelperu.pe/", "color_partido": "#A947FF", "logo_partido": ""}}, {"model": "quiz.partido", "pk": 11, "fields": {"nombre_partido": "Acci\u00f3n Popular", "web_partido": "http://accionpopular.com.pe/", "color_partido": "#DE0000", "logo_partido": ""}}, {"model": "quiz.partido", "pk": 12, "fields": {"nombre_partido": "Alianza Electoral Solidaridad Nacional", "web_partido": "http://solidaridadnacional.pe/", "color_partido": "#FFFF0F", "logo_partido": ""}}, {"model": "quiz.partido", "pk": 13, "fields": {"nombre_partido": "Democracia Directa", "web_partido": "", "color_partido": "#FFFF1C", "logo_partido": ""}}, {"model": "quiz.partido", "pk": 14, "fields": {"nombre_partido": "Peru Naci\u00f3n", "web_partido": "", "color_partido": "#1239FF", "logo_partido": ""}}, {"model": "quiz.partido", "pk": 16, "fields": {"nombre_partido": "Alianza para el Progreso del Per\u00fa", "web_partido": "http://www.app.pe/", "color_partido": "#2200FF", "logo_partido": ""}}, {"model": "quiz.partido", "pk": 17, "fields": {"nombre_partido": "Partido Pol\u00edtico Orden", "web_partido": "", "color_partido": "#4079FF", "logo_partido": ""}}, {"model": "quiz.partido", "pk": 18, "fields": {"nombre_partido": "Per\u00fa Posible", "web_partido": "http://www.peruposible.org.pe/", "color_partido": "#FFF836", "logo_partido": ""}}, {"model": "quiz.partido", "pk": 19, "fields": {"nombre_partido": "Alianza Popular", "web_partido": "http://www.apra.org.pe/", "color_partido": "#AD0A0A", "logo_partido": ""}}, {"model": "quiz.partido", "pk": 20, "fields": {"nombre_partido": "Frente Esperanza", "web_partido": "", "color_partido": "#A640FF", "logo_partido": ""}}, {"model": "quiz.candidato", "pk": 1, "fields": {"nombre_candidato": "Daniel", "segundonombre_candidato": "Belizario", "apellido_candidato": "Urresti", "segundoapellido_candidato": "Elera", "web_candidato": "", "partido_candidato": 1, "alias_candidato": "Daniel Urresti", "plan_de_gobierno": ""}}, {"model": "quiz.candidato", "pk": 2, "fields": {"nombre_candidato": "Alan", "segundonombre_candidato": "Gabriel", "apellido_candidato": "Garc\u00eda", "segundoapellido_candidato": "P\u00e9rez", "web_candidato": "http://www.alanperu.com/", "partido_candidato": 19, "alias_candidato": "Alan Garc\u00eda", "plan_de_gobierno": ""}}, {"model": "quiz.candidato", "pk": 3, "fields": {"nombre_candidato": "Alejandro", "segundonombre_candidato": "", "apellido_candidato": "Toledo", "segundoapellido_candidato": "Manrique", "web_candidato": "", "partido_candidato": 18, "alias_candidato": "Alejandro Toledo", "plan_de_gobierno": ""}}, {"model": "quiz.candidato", "pk": 4, "fields": {"nombre_candidato": "C\u00e9sar", "segundonombre_candidato": "", "apellido_candidato": "Acu\u00f1a", "segundoapellido_candidato": "Peralta", "web_candidato": "", "partido_candidato": 16, "alias_candidato": "C\u00e9sar Acu\u00f1a", "plan_de_gobierno": ""}}, {"model": "quiz.candidato", "pk": 5, "fields": {"nombre_candidato": "Julio", "segundonombre_candidato": "Armando", "apellido_candidato": "Guzm\u00e1n", "segundoapellido_candidato": "C\u00e1ceres", "web_candidato": "", "partido_candidato": 10, "alias_candidato": "Julio Guzm\u00e1n", "plan_de_gobierno": ""}}, {"model": "quiz.candidato", "pk": 6, "fields": {"nombre_candidato": "Keiko", "segundonombre_candidato": "Sof\u00eda", "apellido_candidato": "Fujimori", "segundoapellido_candidato": "Higuchi", "web_candidato": "http://keikofujimori.pe/", "partido_candidato": 9, "alias_candidato": "Keiko Fujimori", "plan_de_gobierno": ""}}, {"model": "quiz.candidato", "pk": 7, "fields": {"nombre_candidato": "Antero", "segundonombre_candidato": "", "apellido_candidato": "Flores Araoz", "segundoapellido_candidato": "Esparza", "web_candidato": "", "partido_candidato": 17, "alias_candidato": "Antero Flores Araoz", "plan_de_gobierno": ""}}, {"model": "quiz.candidato", "pk": 8, "fields": {"nombre_candidato": "Francisco", "segundonombre_candidato": "Ernesto", "apellido_candidato": "Diez-Canseco", "segundoapellido_candidato": "T\u00e1vara", "web_candidato": "http://panchodiezcanseco.pe/", "partido_candidato": 14, "alias_candidato": "Francisco Diez-Canseco", "plan_de_gobierno": ""}}, {"model": "quiz.candidato", "pk": 9, "fields": {"nombre_candidato": "Gregorio", "segundonombre_candidato": "", "apellido_candidato": "Santos", "segundoapellido_candidato": "Guerrero", "web_candidato": "", "partido_candidato": 13, "alias_candidato": "Gregorio Santos", "plan_de_gobierno": ""}}, {"model": "quiz.candidato", "pk": 10, "fields": {"nombre_candidato": "Hernando", "segundonombre_candidato": "", "apellido_candidato": "Guerra Garc\u00eda", "segundoapellido_candidato": "Campos", "web_candidato": "", "partido_candidato": 12, "alias_candidato": "Hernando Guerra Garc\u00eda", "plan_de_gobierno": ""}}, {"model": "quiz.candidato", "pk": 11, "fields": {"nombre_candidato": "Isaac", "segundonombre_candidato": "Alfredo", "apellido_candidato": "Barnechea", "segundoapellido_candidato": "Garc\u00eda", "web_candidato": "", "partido_candidato": 11, "alias_candidato": "Alfredo Barnechea", "plan_de_gobierno": ""}}, {"model": "quiz.candidato", "pk": 12, "fields": {"nombre_candidato": "Luis", "segundonombre_candidato": "Fernando", "apellido_candidato": "Olivera", "segundoapellido_candidato": "Vega", "web_candidato": "", "partido_candidato": 20, "alias_candidato": "Luis Olivera", "plan_de_gobierno": ""}}, {"model": "quiz.candidato", "pk": 13, "fields": {"nombre_candidato": "Miguel", "segundonombre_candidato": "Walter", "apellido_candidato": "Hilario", "segundoapellido_candidato": "Escobar", "web_candidato": "", "partido_candidato": 7, "alias_candidato": "Miguel Hilario", "plan_de_gobierno": ""}}, {"model": "quiz.candidato", "pk": 14, "fields": {"nombre_candidato": "Pedro", "segundonombre_candidato": "Pablo", "apellido_candidato": "Kuczynski", "segundoapellido_candidato": "Godard", "web_candidato": "http://ppk.pe/", "partido_candidato": 6, "alias_candidato": "PPK", "plan_de_gobierno": ""}}, {"model": "quiz.candidato", "pk": 15, "fields": {"nombre_candidato": "Renzo", "segundonombre_candidato": "Andr\u00e9s", "apellido_candidato": "Reggiardo", "segundoapellido_candidato": "Barreto", "web_candidato": "", "partido_candidato": 5, "alias_candidato": "Renzo Reggiardo", "plan_de_gobierno": ""}}, {"model": "quiz.candidato", "pk": 16, "fields": {"nombre_candidato": "Ver\u00f3nika", "segundonombre_candidato": "Fanny", "apellido_candidato": "Mendoza", "segundoapellido_candidato": "Frisch", "web_candidato": "http://veromendoza.pe/", "partido_candidato": 4, "alias_candidato": "Ver\u00f3nika Mendoza", "plan_de_gobierno": ""}}, {"model": "quiz.candidato", "pk": 17, "fields": {"nombre_candidato": "Vladimir", "segundonombre_candidato": "Roy", "apellido_candidato": "Cerr\u00f3n", "segundoapellido_candidato": "Rojas", "web_candidato": "", "partido_candidato": 3, "alias_candidato": "Vladimir Cerr\u00f3n", "plan_de_gobierno": ""}}, {"model": "quiz.candidato", "pk": 18, "fields": {"nombre_candidato": "Yehude", "segundonombre_candidato": "", "apellido_candidato": "Simon", "segundoapellido_candidato": "Munaro", "web_candidato": "", "partido_candidato": 2, "alias_candidato": "Yehude Simon", "plan_de_gobierno": ""}}, {"model": "quiz.categoriapropuesta", "pk": 1, "fields": {"titulo_categoria": "Medio ambiente", "descripcion_categoria": "Desarrollo de pol\u00edticas relacionadas al medio ambiente", "entra_categoria": true, "color_categoria": "#FF0000"}}, {"model": "quiz.categoriapropuesta", "pk": 2, "fields": {"titulo_categoria": "Econom\u00eda", "descripcion_categoria": "Propuestas econ\u00f3micas.", "entra_categoria": true, "color_categoria": "#00FF3C"}}, {"model": "quiz.categoriapropuesta", "pk": 3, "fields": {"titulo_categoria": "Seguridad y Orden", "descripcion_categoria": "Pol\u00edticas de seguridad interna y externa.", "entra_categoria": true, "color_categoria": "#E84338"}}, {"model": "quiz.categoriapropuesta", "pk": 4, "fields": {"titulo_categoria": "Cultura y Educaci\u00f3n", "descripcion_categoria": "Apoyo a la cultura en todas sus formas, y a la educaci\u00f3n en todos sus niveles.", "entra_categoria": true, "color_categoria": "#FF792B"}}, {"model": "quiz.categoriapropuesta", "pk": 5, "fields": {"titulo_categoria": "Sociedad e inclusi\u00f3n de minor\u00edas", "descripcion_categoria": "Pol\u00edticas para la inclusi\u00f3n de minor\u00edas.", "entra_categoria": true, "color_categoria": "#2B24FF"}}, {"model": "quiz.categoriapropuesta", "pk": 99, "fields": {"titulo_categoria": "Sin categorizar", "descripcion_categoria": "Propuestas que no entran en otras categor\u00edas.", "entra_categoria": false, "color_categoria": "#FFEC40"}}, {"model": "quiz.propuesta", "pk": 18, "fields": {"titulo_propuesta": "Corridas de toros", "entra_propuesta": true, "descripcion_propuesta": "Establecer leyes que proh\u00edban las corridas de todos a nivel nacional.", "pregunta_propuesta": "\u00bfEst\u00e1 de acuerdo con erradicar las corridas de toros?", "categoria_propuesta": 4}}, {"model": "quiz.propuesta", "pk": 19, "fields": {"titulo_propuesta": "Aumento del sueldo m\u00ednimo", "entra_propuesta": true, "descripcion_propuesta": "Aumentar el sueldo m\u00ednimo.", "pregunta_propuesta": "\u00bfDeber\u00eda aumentar el sueldo m\u00ednimo de 750 a 900 soles?", "categoria_propuesta": 2}}, {"model": "quiz.propuesta", "pk": 20, "fields": {"titulo_propuesta": "Penalizaci\u00f3n del consumo de drogas", "entra_propuesta": true, "descripcion_propuesta": "Combatir el consumo de drogas penalizando de una forma m\u00e1s dr\u00e1stica", "pregunta_propuesta": "\u00bfEst\u00e1 de acuerdo con penalizar de forma dr\u00e1stica el consumo de drogas?", "categoria_propuesta": 3}}, {"model": "quiz.propuesta", "pk": 21, "fields": {"titulo_propuesta": "Aceptaci\u00f3n del Acuerdo de Asociaci\u00f3n Transpac\u00edfico (TPP)", "entra_propuesta": true, "descripcion_propuesta": "Continuar con el TPP.", "pregunta_propuesta": "\u00bfSe debe continuar con el TPP?", "categoria_propuesta": 2}}, {"model": "quiz.propuesta", "pk": 22, "fields": {"titulo_propuesta": "Legalizaci\u00f3n de la marihuana", "entra_propuesta": true, "descripcion_propuesta": "Legalizar el consumo de marihuana.", "pregunta_propuesta": "\u00bfEstar\u00eda de acuerdo con la legalizaci\u00f3n de la marihuana?", "categoria_propuesta": 5}}, {"model": "quiz.propuesta", "pk": 23, "fields": {"titulo_propuesta": "Facilitar el despido de empleados", "entra_propuesta": true, "descripcion_propuesta": "Hacer que sea m\u00e1s f\u00e1cil para empresas despedir empleados.", "pregunta_propuesta": "\u00bfEst\u00e1 de acuerdo con facilitar a las empresas el despido de los empleados que considere?", "categoria_propuesta": 2}}, {"model": "quiz.propuesta", "pk": 24, "fields": {"titulo_propuesta": "Voto voluntario.", "entra_propuesta": true, "descripcion_propuesta": "Hacer que el voto sea voluntario, en lugar de obligatorio como lo es actualmente.", "pregunta_propuesta": "\u00bfEl voto deber\u00eda ser voluntario?", "categoria_propuesta": 5}}, {"model": "quiz.propuesta", "pk": 25, "fields": {"titulo_propuesta": "Consulta Previa", "entra_propuesta": true, "descripcion_propuesta": "Reconocer la Ley del derecho a la consulta previa a los pueblos ind\u00edgenas u originarios", "pregunta_propuesta": "\u00bfEst\u00e1 de acuerdo con la Consulta Previa?", "categoria_propuesta": 5}}, {"model": "quiz.propuesta", "pk": 26, "fields": {"titulo_propuesta": "El Ej\u00e9rcito en las calles", "entra_propuesta": true, "descripcion_propuesta": "Permitir la intervenci\u00f3n de las Fuerzas Armadas en las calles", "pregunta_propuesta": "\u00bfEst\u00e1 de acuerdo con la salida del Ej\u00e9rcito a las calles?", "categoria_propuesta": 3}}, {"model": "quiz.propuesta", "pk": 27, "fields": {"titulo_propuesta": "Restablecimiento del Servicio Militar Obligatorio", "entra_propuesta": true, "descripcion_propuesta": "Restablecer el Servicio Militar Obligatorio.", "pregunta_propuesta": "\u00bfDeber\u00eda volver el Servicio Militar Obligatorio en el Per\u00fa?", "categoria_propuesta": 3}}, {"model": "quiz.propuesta", "pk": 28, "fields": {"titulo_propuesta": "Legalizaci\u00f3n del aborto", "entra_propuesta": true, "descripcion_propuesta": "Legalizar el aborto en casos de violaci\u00f3n.", "pregunta_propuesta": "\u00bfEl aborto deber\u00eda ser legal en casos de violaci\u00f3n?", "categoria_propuesta": 5}}, {"model": "quiz.propuesta", "pk": 29, "fields": {"titulo_propuesta": "Uni\u00f3n Civil", "entra_propuesta": true, "descripcion_propuesta": "Aceptar la Uni\u00f3n Civil en el Per\u00fa.", "pregunta_propuesta": "\u00bfEst\u00e1 de acuerdo con la Uni\u00f3n Civil?", "categoria_propuesta": 5}}, {"model": "quiz.propuesta", "pk": 30, "fields": {"titulo_propuesta": "M\u00e1s seguridad, m\u00e1s impuestos", "entra_propuesta": true, "descripcion_propuesta": "Gastar m\u00e1s dinero en seguridad incrementando asimismo los impuestos.", "pregunta_propuesta": "\u00bfCree que, si se invierte el dinero en seguridad, aumentar los impuestos est\u00e1 justificado?", "categoria_propuesta": 3}}, {"model": "quiz.propuesta", "pk": 31, "fields": {"titulo_propuesta": "Miner\u00eda con evaluaci\u00f3n de impacto ambiental", "entra_propuesta": true, "descripcion_propuesta": "Aceptar los proyectos de miner\u00eda que satisfacen evaluaciones de impacto ambiental.", "pregunta_propuesta": "\u00bfEst\u00e1 de acuerdo con el desarrollo de proyectos de mina que satisfacen la evaluaci\u00f3n de impacto ambiental?", "categoria_propuesta": 1}}, {"model": "quiz.propuesta", "pk": 32, "fields": {"titulo_propuesta": "Crecimiento econ\u00f3mico sin preocuparse por el medio ambiente", "entra_propuesta": true, "descripcion_propuesta": "El crecimiento econ\u00f3mico es m\u00e1s importante que la protecci\u00f3n del medio ambiente", "pregunta_propuesta": "\u00bfDebe fomentarse el crecimiento econ\u00f3mico sin que importe el impacto ambiental que se est\u00e9 causando?", "categoria_propuesta": 1}}]