[{"model": "quiz.partido", "pk": 1, "fields": {"nombre_partido": "Partido Nacionalista Peruano", "web_partido": "http://www.partidonacionalistaperuano.org.pe", "color_partido": "#FF0829", "logo_partido": ""}}, {"model": "quiz.partido", "pk": 2, "fields": {"nombre_partido": "Partido Humanista Peruano", "web_partido": "http://partidohumanistaperu.blogspot.com/", "color_partido": "#006603", "logo_partido": ""}}, {"model": "quiz.partido", "pk": 3, "fields": {"nombre_partido": "Peru Libertario", "web_partido": "", "color_partido": "#FF270F", "logo_partido": ""}}, {"model": "quiz.partido", "pk": 4, "fields": {"nombre_partido": "El Frente Amplio Por Justicia, Vida y Libertad", "web_partido": "http://frenteamplioperu.blogspot.pe/", "color_partido": "#017815", "logo_partido": ""}}, {"model": "quiz.partido", "pk": 5, "fields": {"nombre_partido": "Peru Patria Segura", "web_partido": "http://www.perupatriasegura.org.pe/", "color_partido": "#737CFF", "logo_partido": ""}}, {"model": "quiz.partido", "pk": 6, "fields": {"nombre_partido": "Peruanos por el Kambio", "web_partido": "http://www.ppk.pe", "color_partido": "#ED008C", "logo_partido": ""}}, {"model": "quiz.partido", "pk": 7, "fields": {"nombre_partido": "Progresando Peru", "web_partido": "", "color_partido": "#8F0000", "logo_partido": ""}}, {"model": "quiz.partido", "pk": 9, "fields": {"nombre_partido": "Fuerza Popular", "web_partido": "http://www.fuerzapopular.pe", "color_partido": "#FF8C40", "logo_partido": ""}}, {"model": "quiz.partido", "pk": 10, "fields": {"nombre_partido": "Todos por el Per\u00fa", "web_partido": "http://todosporelperu.pe/", "color_partido": "#A947FF", "logo_partido": ""}}, {"model": "quiz.partido", "pk": 11, "fields": {"nombre_partido": "Acci\u00f3n Popular", "web_partido": "http://accionpopular.com.pe/", "color_partido": "#DE0000", "logo_partido": ""}}, {"model": "quiz.partido", "pk": 12, "fields": {"nombre_partido": "Alianza Electoral Solidaridad Nacional", "web_partido": "http://solidaridadnacional.pe/", "color_partido": "#FFFF0F", "logo_partido": ""}}, {"model": "quiz.partido", "pk": 13, "fields": {"nombre_partido": "Democracia Directa", "web_partido": "", "color_partido": "#FFFF1C", "logo_partido": ""}}, {"model": "quiz.partido", "pk": 14, "fields": {"nombre_partido": "Peru Naci\u00f3n", "web_partido": "", "color_partido": "#1239FF", "logo_partido": ""}}, {"model": "quiz.partido", "pk": 16, "fields": {"nombre_partido": "Alianza para el Progreso del Per\u00fa", "web_partido": "http://www.app.pe/", "color_partido": "#2200FF", "logo_partido": ""}}, {"model": "quiz.partido", "pk": 17, "fields": {"nombre_partido": "Partido Pol\u00edtico Orden", "web_partido": "", "color_partido": "#4079FF", "logo_partido": ""}}, {"model": "quiz.partido", "pk": 18, "fields": {"nombre_partido": "Per\u00fa Posible", "web_partido": "http://www.peruposible.org.pe/", "color_partido": "#FFF836", "logo_partido": ""}}, {"model": "quiz.partido", "pk": 19, "fields": {"nombre_partido": "Alianza Popular", "web_partido": "http://www.apra.org.pe/", "color_partido": "#AD0A0A", "logo_partido": ""}}, {"model": "quiz.partido", "pk": 20, "fields": {"nombre_partido": "Frente Esperanza", "web_partido": "", "color_partido": "#A640FF", "logo_partido": ""}}, {"model": "quiz.candidato", "pk": 1, "fields": {"nombre_candidato": "Daniel", "segundonombre_candidato": "Belizario", "apellido_candidato": "Urresti", "segundoapellido_candidato": "Elera", "web_candidato": "", "partido_candidato": 1, "alias_candidato": "Daniel Urresti", "plan_de_gobierno": ""}}, {"model": "quiz.candidato", "pk": 2, "fields": {"nombre_candidato": "Alan", "segundonombre_candidato": "Gabriel", "apellido_candidato": "Garc\u00eda", "segundoapellido_candidato": "P\u00e9rez", "web_candidato": "http://www.alanperu.com/", "partido_candidato": 19, "alias_candidato": "Alan Garc\u00eda", "plan_de_gobierno": ""}}, {"model": "quiz.candidato", "pk": 3, "fields": {"nombre_candidato": "Alejandro", "segundonombre_candidato": "", "apellido_candidato": "Toledo", "segundoapellido_candidato": "Manrique", "web_candidato": "", "partido_candidato": 18, "alias_candidato": "Alejandro Toledo", "plan_de_gobierno": ""}}, {"model": "quiz.candidato", "pk": 4, "fields": {"nombre_candidato": "C\u00e9sar", "segundonombre_candidato": "", "apellido_candidato": "Acu\u00f1a", "segundoapellido_candidato": "Peralta", "web_candidato": "", "partido_candidato": 16, "alias_candidato": "C\u00e9sar Acu\u00f1a", "plan_de_gobierno": ""}}, {"model": "quiz.candidato", "pk": 5, "fields": {"nombre_candidato": "Julio", "segundonombre_candidato": "Armando", "apellido_candidato": "Guzm\u00e1n", "segundoapellido_candidato": "C\u00e1ceres", "web_candidato": "", "partido_candidato": 10, "alias_candidato": "Julio Guzm\u00e1n", "plan_de_gobierno": ""}}, {"model": "quiz.candidato", "pk": 6, "fields": {"nombre_candidato": "Keiko", "segundonombre_candidato": "Sof\u00eda", "apellido_candidato": "Fujimori", "segundoapellido_candidato": "Higuchi", "web_candidato": "http://keikofujimori.pe/", "partido_candidato": 9, "alias_candidato": "Keiko Fujimori", "plan_de_gobierno": ""}}, {"model": "quiz.candidato", "pk": 7, "fields": {"nombre_candidato": "Antero", "segundonombre_candidato": "", "apellido_candidato": "Flores Araoz", "segundoapellido_candidato": "Esparza", "web_candidato": "", "partido_candidato": 17, "alias_candidato": "Antero Flores Araoz", "plan_de_gobierno": ""}}, {"model": "quiz.candidato", "pk": 8, "fields": {"nombre_candidato": "Francisco", "segundonombre_candidato": "Ernesto", "apellido_candidato": "Diez-Canseco", "segundoapellido_candidato": "T\u00e1vara", "web_candidato": "http://panchodiezcanseco.pe/", "partido_candidato": 14, "alias_candidato": "Francisco Diez-Canseco", "plan_de_gobierno": ""}}, {"model": "quiz.candidato", "pk": 9, "fields": {"nombre_candidato": "Gregorio", "segundonombre_candidato": "", "apellido_candidato": "Santos", "segundoapellido_candidato": "Guerrero", "web_candidato": "", "partido_candidato": 13, "alias_candidato": "Gregorio Santos", "plan_de_gobierno": ""}}, {"model": "quiz.candidato", "pk": 10, "fields": {"nombre_candidato": "Hernando", "segundonombre_candidato": "", "apellido_candidato": "Guerra Garc\u00eda", "segundoapellido_candidato": "Campos", "web_candidato": "", "partido_candidato": 12, "alias_candidato": "Hernando Guerra Garc\u00eda", "plan_de_gobierno": ""}}, {"model": "quiz.candidato", "pk": 11, "fields": {"nombre_candidato": "Isaac", "segundonombre_candidato": "Alfredo", "apellido_candidato": "Barnechea", "segundoapellido_candidato": "Garc\u00eda", "web_candidato": "", "partido_candidato": 11, "alias_candidato": "Alfredo Barnechea", "plan_de_gobierno": ""}}, {"model": "quiz.candidato", "pk": 12, "fields": {"nombre_candidato": "Luis", "segundonombre_candidato": "Fernando", "apellido_candidato": "Olivera", "segundoapellido_candidato": "Vega", "web_candidato": "", "partido_candidato": 20, "alias_candidato": "Luis Olivera", "plan_de_gobierno": ""}}, {"model": "quiz.candidato", "pk": 13, "fields": {"nombre_candidato": "Miguel", "segundonombre_candidato": "Walter", "apellido_candidato": "Hilario", "segundoapellido_candidato": "Escobar", "web_candidato": "", "partido_candidato": 7, "alias_candidato": "Miguel Hilario", "plan_de_gobierno": ""}}, {"model": "quiz.candidato", "pk": 14, "fields": {"nombre_candidato": "Pedro", "segundonombre_candidato": "Pablo", "apellido_candidato": "Kuczynski", "segundoapellido_candidato": "Godard", "web_candidato": "http://ppk.pe/", "partido_candidato": 6, "alias_candidato": "PPK", "plan_de_gobierno": ""}}, {"model": "quiz.candidato", "pk": 15, "fields": {"nombre_candidato": "Renzo", "segundonombre_candidato": "Andr\u00e9s", "apellido_candidato": "Reggiardo", "segundoapellido_candidato": "Barreto", "web_candidato": "", "partido_candidato": 5, "alias_candidato": "Renzo Reggiardo", "plan_de_gobierno": ""}}, {"model": "quiz.candidato", "pk": 16, "fields": {"nombre_candidato": "Ver\u00f3nika", "segundonombre_candidato": "Fanny", "apellido_candidato": "Mendoza", "segundoapellido_candidato": "Frisch", "web_candidato": "http://veromendoza.pe/", "partido_candidato": 4, "alias_candidato": "Ver\u00f3nika Mendoza", "plan_de_gobierno": ""}}, {"model": "quiz.candidato", "pk": 17, "fields": {"nombre_candidato": "Vladimir", "segundonombre_candidato": "Roy", "apellido_candidato": "Cerr\u00f3n", "segundoapellido_candidato": "Rojas", "web_candidato": "", "partido_candidato": 3, "alias_candidato": "Vladimir Cerr\u00f3n", "plan_de_gobierno": ""}}, {"model": "quiz.candidato", "pk": 18, "fields": {"nombre_candidato": "Yehude", "segundonombre_candidato": "", "apellido_candidato": "Simon", "segundoapellido_candidato": "Munaro", "web_candidato": "", "partido_candidato": 2, "alias_candidato": "Yehude Simon", "plan_de_gobierno": ""}}, {"model": "quiz.categoriapropuesta", "pk": 1, "fields": {"titulo_categoria": "Medio ambiente", "descripcion_categoria": "Desarrollo de pol\u00edticas relacionadas al medio ambiente", "entra_categoria": true, "color_categoria": "#FF0000"}}, {"model": "quiz.categoriapropuesta", "pk": 2, "fields": {"titulo_categoria": "Econom\u00eda", "descripcion_categoria": "Propuestas econ\u00f3micas.", "entra_categoria": true, "color_categoria": "#00FF3C"}}, {"model": "quiz.categoriapropuesta", "pk": 3, "fields": {"titulo_categoria": "Seguridad y Orden", "descripcion_categoria": "Pol\u00edticas de seguridad interna y externa.", "entra_categoria": true, "color_categoria": "#E84338"}}, {"model": "quiz.categoriapropuesta", "pk": 4, "fields": {"titulo_categoria": "Cultura y Educaci\u00f3n", "descripcion_categoria": "Apoyo a la cultura en todas sus formas, y a la educaci\u00f3n en todos sus niveles.", "entra_categoria": true, "color_categoria": "#FF792B"}}, {"model": "quiz.categoriapropuesta", "pk": 5, "fields": {"titulo_categoria": "Sociedad e inclusi\u00f3n de minor\u00edas", "descripcion_categoria": "Pol\u00edticas para la inclusi\u00f3n de minor\u00edas.", "entra_categoria": true, "color_categoria": "#2B24FF"}}, {"model": "quiz.categoriapropuesta", "pk": 99, "fields": {"titulo_categoria": "Sin categorizar", "descripcion_categoria": "Propuestas que no entran en otras categor\u00edas.", "entra_categoria": false, "color_categoria": "#FFEC40"}}, {"model": "quiz.propuesta", "pk": 18, "fields": {"titulo_propuesta": "Corridas de toros", "entra_propuesta": true, "descripcion_propuesta": "Establecer leyes que proh\u00edban las corridas de todos a nivel nacional.", "pregunta_propuesta": "\u00bfEst\u00e1 de acuerdo con erradicar las corridas de toros?", "categoria_propuesta": 4}}, {"model": "quiz.propuesta", "pk": 19, "fields": {"titulo_propuesta": "Aumento del sueldo m\u00ednimo", "entra_propuesta": true, "descripcion_propuesta": "Aumentar el sueldo m\u00ednimo.", "pregunta_propuesta": "\u00bfDeber\u00eda aumentar el sueldo m\u00ednimo de 750 a 900 soles?", "categoria_propuesta": 2}}, {"model": "quiz.propuesta", "pk": 20, "fields": {"titulo_propuesta": "Penalizaci\u00f3n del consumo de drogas", "entra_propuesta": true, "descripcion_propuesta": "Combatir el consumo de drogas penalizando de una forma m\u00e1s dr\u00e1stica", "pregunta_propuesta": "\u00bfEst\u00e1 de acuerdo con penalizar de forma dr\u00e1stica el consumo de drogas?", "categoria_propuesta": 3}}, {"model": "quiz.propuesta", "pk": 21, "fields": {"titulo_propuesta": "Aceptaci\u00f3n del Acuerdo de Asociaci\u00f3n Transpac\u00edfico (TPP)", "entra_propuesta": true, "descripcion_propuesta": "Continuar con el TPP.", "pregunta_propuesta": "\u00bfSe debe continuar con el TPP?", "categoria_propuesta": 2}}, {"model": "quiz.propuesta", "pk": 22, "fields": {"titulo_propuesta": "Legalizaci\u00f3n de la marihuana", "entra_propuesta": true, "descripcion_propuesta": "Legalizar el consumo de marihuana.", "pregunta_propuesta": "\u00bfEstar\u00eda de acuerdo con la legalizaci\u00f3n de la marihuana?", "categoria_propuesta": 5}}, {"model": "quiz.propuesta", "pk": 23, "fields": {"titulo_propuesta": "Facilitar el despido de empleados", "entra_propuesta": true, "descripcion_propuesta": "Hacer que sea m\u00e1s f\u00e1cil para empresas despedir empleados.", "pregunta_propuesta": "\u00bfEst\u00e1 de acuerdo con facilitar a las empresas el despido de los empleados que considere?", "categoria_propuesta": 2}}, {"model": "quiz.propuesta", "pk": 24, "fields": {"titulo_propuesta": "Voto voluntario.", "entra_propuesta": true, "descripcion_propuesta": "Hacer que el voto sea voluntario, en lugar de obligatorio como lo es actualmente.", "pregunta_propuesta": "\u00bfEl voto deber\u00eda ser voluntario?", "categoria_propuesta": 5}}, {"model": "quiz.propuesta", "pk": 25, "fields": {"titulo_propuesta": "Consulta Previa", "entra_propuesta": true, "descripcion_propuesta": "Reconocer la Ley del derecho a la consulta previa a los pueblos ind\u00edgenas u originarios", "pregunta_propuesta": "\u00bfEst\u00e1 de acuerdo con la Consulta Previa?", "categoria_propuesta": 5}}, {"model": "quiz.propuesta", "pk": 26, "fields": {"titulo_propuesta": "El Ej\u00e9rcito en las calles", "entra_propuesta": true, "descripcion_propuesta": "Permitir la intervenci\u00f3n de las Fuerzas Armadas en las calles", "pregunta_propuesta": "\u00bfEst\u00e1 de acuerdo con la salida del Ej\u00e9rcito a las calles?", "categoria_propuesta": 3}}, {"model": "quiz.propuesta", "pk": 27, "fields": {"titulo_propuesta": "Restablecimiento del Servicio Militar Obligatorio", "entra_propuesta": true, "descripcion_propuesta": "Restablecer el Servicio Militar Obligatorio.", "pregunta_propuesta": "\u00bfDeber\u00eda volver el Servicio Militar Obligatorio en el Per\u00fa?", "categoria_propuesta": 3}}, {"model": "quiz.propuesta", "pk": 28, "fields": {"titulo_propuesta": "Legalizaci\u00f3n del aborto", "entra_propuesta": true, "descripcion_propuesta": "Legalizar el aborto en casos de violaci\u00f3n.", "pregunta_propuesta": "\u00bfEl aborto deber\u00eda ser legal en casos de violaci\u00f3n?", "categoria_propuesta": 5}}, {"model": "quiz.propuesta", "pk": 29, "fields": {"titulo_propuesta": "Uni\u00f3n Civil", "entra_propuesta": true, "descripcion_propuesta": "Aceptar la Uni\u00f3n Civil en el Per\u00fa.", "pregunta_propuesta": "\u00bfEst\u00e1 de acuerdo con la Uni\u00f3n Civil?", "categoria_propuesta": 5}}, {"model": "quiz.propuesta", "pk": 30, "fields": {"titulo_propuesta": "M\u00e1s seguridad, m\u00e1s impuestos", "entra_propuesta": true, "descripcion_propuesta": "Gastar m\u00e1s dinero en seguridad incrementando asimismo los impuestos.", "pregunta_propuesta": "\u00bfCree que, si se invierte el dinero en seguridad, aumentar los impuestos est\u00e1 justificado?", "categoria_propuesta": 3}}, {"model": "quiz.propuesta", "pk": 31, "fields": {"titulo_propuesta": "Miner\u00eda con evaluaci\u00f3n de impacto ambiental", "entra_propuesta": true, "descripcion_propuesta": "Aceptar los proyectos de miner\u00eda que satisfacen evaluaciones de impacto ambiental.", "pregunta_propuesta": "\u00bfEst\u00e1 de acuerdo con el desarrollo de proyectos de mina que satisfacen la evaluaci\u00f3n de impacto ambiental?", "categoria_propuesta": 1}}, {"model": "quiz.propuesta", "pk": 32, "fields": {"titulo_propuesta": "Crecimiento econ\u00f3mico sin preocuparse por el medio ambiente", "entra_propuesta": true, "descripcion_propuesta": "El crecimiento econ\u00f3mico es m\u00e1s importante que la protecci\u00f3n del medio ambiente", "pregunta_propuesta": "\u00bfDebe fomentarse el crecimiento econ\u00f3mico sin que importe el impacto ambiental que se est\u00e9 causando?", "categoria_propuesta": 1}}, {"model": "quiz.relpropuestas", "pk": 116, "fields": {"propuesta_relpropuestas": 18, "candidato_relpropuestas": 2, "justificacion": "", "paginadelplan": 0, "valor_propuesta": -1}}, {"model": "quiz.relpropuestas", "pk": 117, "fields": {"propuesta_relpropuestas": 18, "candidato_relpropuestas": 6, "justificacion": "", "paginadelplan": 0, "valor_propuesta": 1}}, {"model": "quiz.relpropuestas", "pk": 118, "fields": {"propuesta_relpropuestas": 18, "candidato_relpropuestas": 7, "justificacion": "", "paginadelplan": 0, "valor_propuesta": 1}}, {"model": "quiz.relpropuestas", "pk": 119, "fields": {"propuesta_relpropuestas": 18, "candidato_relpropuestas": 4, "justificacion": "", "paginadelplan": 0, "valor_propuesta": 1}}, {"model": "quiz.relpropuestas", "pk": 120, "fields": {"propuesta_relpropuestas": 18, "candidato_relpropuestas": 3, "justificacion": "", "paginadelplan": 0, "valor_propuesta": -1}}, {"model": "quiz.relpropuestas", "pk": 121, "fields": {"propuesta_relpropuestas": 18, "candidato_relpropuestas": 8, "justificacion": "", "paginadelplan": 0, "valor_propuesta": -1}}, {"model": "quiz.relpropuestas", "pk": 122, "fields": {"propuesta_relpropuestas": 18, "candidato_relpropuestas": 9, "justificacion": "", "paginadelplan": 0, "valor_propuesta": 1}}, {"model": "quiz.relpropuestas", "pk": 123, "fields": {"propuesta_relpropuestas": 18, "candidato_relpropuestas": 10, "justificacion": "", "paginadelplan": 0, "valor_propuesta": 0}}, {"model": "quiz.relpropuestas", "pk": 124, "fields": {"propuesta_relpropuestas": 18, "candidato_relpropuestas": 11, "justificacion": "", "paginadelplan": 0, "valor_propuesta": 0}}, {"model": "quiz.relpropuestas", "pk": 125, "fields": {"propuesta_relpropuestas": 18, "candidato_relpropuestas": 5, "justificacion": "", "paginadelplan": 0, "valor_propuesta": 0}}, {"model": "quiz.relpropuestas", "pk": 126, "fields": {"propuesta_relpropuestas": 18, "candidato_relpropuestas": 12, "justificacion": "", "paginadelplan": 0, "valor_propuesta": 0}}, {"model": "quiz.relpropuestas", "pk": 127, "fields": {"propuesta_relpropuestas": 18, "candidato_relpropuestas": 13, "justificacion": "", "paginadelplan": 0, "valor_propuesta": 0}}, {"model": "quiz.relpropuestas", "pk": 128, "fields": {"propuesta_relpropuestas": 18, "candidato_relpropuestas": 14, "justificacion": "", "paginadelplan": 0, "valor_propuesta": -1}}, {"model": "quiz.relpropuestas", "pk": 129, "fields": {"propuesta_relpropuestas": 18, "candidato_relpropuestas": 15, "justificacion": "", "paginadelplan": 0, "valor_propuesta": 0}}, {"model": "quiz.relpropuestas", "pk": 130, "fields": {"propuesta_relpropuestas": 18, "candidato_relpropuestas": 16, "justificacion": "", "paginadelplan": 0, "valor_propuesta": -1}}, {"model": "quiz.relpropuestas", "pk": 131, "fields": {"propuesta_relpropuestas": 18, "candidato_relpropuestas": 17, "justificacion": "", "paginadelplan": 0, "valor_propuesta": -1}}, {"model": "quiz.relpropuestas", "pk": 132, "fields": {"propuesta_relpropuestas": 18, "candidato_relpropuestas": 18, "justificacion": "", "paginadelplan": 0, "valor_propuesta": 1}}, {"model": "quiz.relpropuestas", "pk": 133, "fields": {"propuesta_relpropuestas": 18, "candidato_relpropuestas": 1, "justificacion": "", "paginadelplan": 0, "valor_propuesta": -1}}, {"model": "quiz.relpropuestas", "pk": 134, "fields": {"propuesta_relpropuestas": 19, "candidato_relpropuestas": 2, "justificacion": "", "paginadelplan": 0, "valor_propuesta": -1}}, {"model": "quiz.relpropuestas", "pk": 135, "fields": {"propuesta_relpropuestas": 19, "candidato_relpropuestas": 6, "justificacion": "", "paginadelplan": 0, "valor_propuesta": 1}}, {"model": "quiz.relpropuestas", "pk": 136, "fields": {"propuesta_relpropuestas": 19, "candidato_relpropuestas": 7, "justificacion": "", "paginadelplan": 0, "valor_propuesta": 1}}, {"model": "quiz.relpropuestas", "pk": 137, "fields": {"propuesta_relpropuestas": 19, "candidato_relpropuestas": 4, "justificacion": "", "paginadelplan": 0, "valor_propuesta": 1}}, {"model": "quiz.relpropuestas", "pk": 138, "fields": {"propuesta_relpropuestas": 19, "candidato_relpropuestas": 3, "justificacion": "", "paginadelplan": 0, "valor_propuesta": -1}}, {"model": "quiz.relpropuestas", "pk": 139, "fields": {"propuesta_relpropuestas": 19, "candidato_relpropuestas": 8, "justificacion": "", "paginadelplan": 0, "valor_propuesta": 0}}, {"model": "quiz.relpropuestas", "pk": 140, "fields": {"propuesta_relpropuestas": 19, "candidato_relpropuestas": 9, "justificacion": "", "paginadelplan": 0, "valor_propuesta": -1}}, {"model": "quiz.relpropuestas", "pk": 141, "fields": {"propuesta_relpropuestas": 19, "candidato_relpropuestas": 10, "justificacion": "", "paginadelplan": 0, "valor_propuesta": 1}}, {"model": "quiz.relpropuestas", "pk": 142, "fields": {"propuesta_relpropuestas": 19, "candidato_relpropuestas": 11, "justificacion": "", "paginadelplan": 0, "valor_propuesta": 0}}, {"model": "quiz.relpropuestas", "pk": 143, "fields": {"propuesta_relpropuestas": 19, "candidato_relpropuestas": 5, "justificacion": "", "paginadelplan": 0, "valor_propuesta": 0}}, {"model": "quiz.relpropuestas", "pk": 144, "fields": {"propuesta_relpropuestas": 19, "candidato_relpropuestas": 12, "justificacion": "", "paginadelplan": 0, "valor_propuesta": 0}}, {"model": "quiz.relpropuestas", "pk": 145, "fields": {"propuesta_relpropuestas": 19, "candidato_relpropuestas": 13, "justificacion": "", "paginadelplan": 0, "valor_propuesta": -1}}, {"model": "quiz.relpropuestas", "pk": 146, "fields": {"propuesta_relpropuestas": 19, "candidato_relpropuestas": 14, "justificacion": "", "paginadelplan": 0, "valor_propuesta": 1}}, {"model": "quiz.relpropuestas", "pk": 147, "fields": {"propuesta_relpropuestas": 19, "candidato_relpropuestas": 15, "justificacion": "", "paginadelplan": 0, "valor_propuesta": 0}}, {"model": "quiz.relpropuestas", "pk": 148, "fields": {"propuesta_relpropuestas": 19, "candidato_relpropuestas": 16, "justificacion": "", "paginadelplan": 0, "valor_propuesta": 0}}, {"model": "quiz.relpropuestas", "pk": 149, "fields": {"propuesta_relpropuestas": 19, "candidato_relpropuestas": 17, "justificacion": "", "paginadelplan": 0, "valor_propuesta": 1}}, {"model": "quiz.relpropuestas", "pk": 150, "fields": {"propuesta_relpropuestas": 19, "candidato_relpropuestas": 18, "justificacion": "", "paginadelplan": 0, "valor_propuesta": -1}}, {"model": "quiz.relpropuestas", "pk": 151, "fields": {"propuesta_relpropuestas": 19, "candidato_relpropuestas": 1, "justificacion": "", "paginadelplan": 0, "valor_propuesta": -1}}, {"model": "quiz.relpropuestas", "pk": 152, "fields": {"propuesta_relpropuestas": 20, "candidato_relpropuestas": 2, "justificacion": "", "paginadelplan": 0, "valor_propuesta": 0}}, {"model": "quiz.relpropuestas", "pk": 153, "fields": {"propuesta_relpropuestas": 20, "candidato_relpropuestas": 6, "justificacion": "", "paginadelplan": 0, "valor_propuesta": -1}}, {"model": "quiz.relpropuestas", "pk": 154, "fields": {"propuesta_relpropuestas": 20, "candidato_relpropuestas": 7, "justificacion": "", "paginadelplan": 0, "valor_propuesta": 1}}, {"model": "quiz.relpropuestas", "pk": 155, "fields": {"propuesta_relpropuestas": 20, "candidato_relpropuestas": 4, "justificacion": "", "paginadelplan": 0, "valor_propuesta": 0}}, {"model": "quiz.relpropuestas", "pk": 156, "fields": {"propuesta_relpropuestas": 20, "candidato_relpropuestas": 3, "justificacion": "", "paginadelplan": 0, "valor_propuesta": -1}}, {"model": "quiz.relpropuestas", "pk": 157, "fields": {"propuesta_relpropuestas": 20, "candidato_relpropuestas": 8, "justificacion": "", "paginadelplan": 0, "valor_propuesta": 1}}, {"model": "quiz.relpropuestas", "pk": 158, "fields": {"propuesta_relpropuestas": 20, "candidato_relpropuestas": 9, "justificacion": "", "paginadelplan": 0, "valor_propuesta": 0}}, {"model": "quiz.relpropuestas", "pk": 159, "fields": {"propuesta_relpropuestas": 20, "candidato_relpropuestas": 10, "justificacion": "", "paginadelplan": 0, "valor_propuesta": -1}}, {"model": "quiz.relpropuestas", "pk": 160, "fields": {"propuesta_relpropuestas": 20, "candidato_relpropuestas": 11, "justificacion": "", "paginadelplan": 0, "valor_propuesta": 0}}, {"model": "quiz.relpropuestas", "pk": 161, "fields": {"propuesta_relpropuestas": 20, "candidato_relpropuestas": 5, "justificacion": "", "paginadelplan": 0, "valor_propuesta": -1}}, {"model": "quiz.relpropuestas", "pk": 162, "fields": {"propuesta_relpropuestas": 20, "candidato_relpropuestas": 12, "justificacion": "", "paginadelplan": 0, "valor_propuesta": -1}}, {"model": "quiz.relpropuestas", "pk": 163, "fields": {"propuesta_relpropuestas": 20, "candidato_relpropuestas": 13, "justificacion": "", "paginadelplan": 0, "valor_propuesta": 0}}, {"model": "quiz.relpropuestas", "pk": 164, "fields": {"propuesta_relpropuestas": 20, "candidato_relpropuestas": 14, "justificacion": "", "paginadelplan": 0, "valor_propuesta": 1}}, {"model": "quiz.relpropuestas", "pk": 165, "fields": {"propuesta_relpropuestas": 20, "candidato_relpropuestas": 15, "justificacion": "", "paginadelplan": 0, "valor_propuesta": 0}}, {"model": "quiz.relpropuestas", "pk": 166, "fields": {"propuesta_relpropuestas": 20, "candidato_relpropuestas": 16, "justificacion": "", "paginadelplan": 0, "valor_propuesta": 1}}, {"model": "quiz.relpropuestas", "pk": 167, "fields": {"propuesta_relpropuestas": 20, "candidato_relpropuestas": 17, "justificacion": "", "paginadelplan": 0, "valor_propuesta": 1}}, {"model": "quiz.relpropuestas", "pk": 168, "fields": {"propuesta_relpropuestas": 20, "candidato_relpropuestas": 18, "justificacion": "", "paginadelplan": 0, "valor_propuesta": 0}}, {"model": "quiz.relpropuestas", "pk": 169, "fields": {"propuesta_relpropuestas": 20, "candidato_relpropuestas": 1, "justificacion": "", "paginadelplan": 0, "valor_propuesta": 0}}, {"model": "quiz.relpropuestas", "pk": 170, "fields": {"propuesta_relpropuestas": 21, "candidato_relpropuestas": 2, "justificacion": "", "paginadelplan": 0, "valor_propuesta": 1}}, {"model": "quiz.relpropuestas", "pk": 171, "fields": {"propuesta_relpropuestas": 21, "candidato_relpropuestas": 6, "justificacion": "", "paginadelplan": 0, "valor_propuesta": 0}}, {"model": "quiz.relpropuestas", "pk": 172, "fields": {"propuesta_relpropuestas": 21, "candidato_relpropuestas": 7, "justificacion": "", "paginadelplan": 0, "valor_propuesta": 0}}, {"model": "quiz.relpropuestas", "pk": 173, "fields": {"propuesta_relpropuestas": 21, "candidato_relpropuestas": 4, "justificacion": "", "paginadelplan": 0, "valor_propuesta": 0}}, {"model": "quiz.relpropuestas", "pk": 174, "fields": {"propuesta_relpropuestas": 21, "candidato_relpropuestas": 3, "justificacion": "", "paginadelplan": 0, "valor_propuesta": 1}}, {"model": "quiz.relpropuestas", "pk": 175, "fields": {"propuesta_relpropuestas": 21, "candidato_relpropuestas": 8, "justificacion": "", "paginadelplan": 0, "valor_propuesta": 1}}, {"model": "quiz.relpropuestas", "pk": 176, "fields": {"propuesta_relpropuestas": 21, "candidato_relpropuestas": 9, "justificacion": "", "paginadelplan": 0, "valor_propuesta": -1}}, {"model": "quiz.relpropuestas", "pk": 177, "fields": {"propuesta_relpropuestas": 21, "candidato_relpropuestas": 10, "justificacion": "", "paginadelplan": 0, "valor_propuesta": 0}}, {"model": "quiz.relpropuestas", "pk": 178, "fields": {"propuesta_relpropuestas": 21, "candidato_relpropuestas": 11, "justificacion": "", "paginadelplan": 0, "valor_propuesta": 1}}, {"model": "quiz.relpropuestas", "pk": 179, "fields": {"propuesta_relpropuestas": 21, "candidato_relpropuestas": 5, "justificacion": "", "paginadelplan": 0, "valor_propuesta": 0}}, {"model": "quiz.relpropuestas", "pk": 180, "fields": {"propuesta_relpropuestas": 21, "candidato_relpropuestas": 12, "justificacion": "", "paginadelplan": 0, "valor_propuesta": 0}}, {"model": "quiz.relpropuestas", "pk": 181, "fields": {"propuesta_relpropuestas": 21, "candidato_relpropuestas": 13, "justificacion": "", "paginadelplan": 0, "valor_propuesta": 0}}, {"model": "quiz.relpropuestas", "pk": 182, "fields": {"propuesta_relpropuestas": 21, "candidato_relpropuestas": 14, "justificacion": "", "paginadelplan": 0, "valor_propuesta": 1}}, {"model": "quiz.relpropuestas", "pk": 183, "fields": {"propuesta_relpropuestas": 21, "candidato_relpropuestas": 15, "justificacion": "", "paginadelplan": 0, "valor_propuesta": 0}}, {"model": "quiz.relpropuestas", "pk": 184, "fields": {"propuesta_relpropuestas": 21, "candidato_relpropuestas": 16, "justificacion": "", "paginadelplan": 0, "valor_propuesta": 1}}, {"model": "quiz.relpropuestas", "pk": 185, "fields": {"propuesta_relpropuestas": 21, "candidato_relpropuestas": 17, "justificacion": "", "paginadelplan": 0, "valor_propuesta": 0}}, {"model": "quiz.relpropuestas", "pk": 186, "fields": {"propuesta_relpropuestas": 21, "candidato_relpropuestas": 18, "justificacion": "", "paginadelplan": 0, "valor_propuesta": -1}}, {"model": "quiz.relpropuestas", "pk": 187, "fields": {"propuesta_relpropuestas": 21, "candidato_relpropuestas": 1, "justificacion": "", "paginadelplan": 0, "valor_propuesta": -1}}, {"model": "quiz.relpropuestas", "pk": 188, "fields": {"propuesta_relpropuestas": 22, "candidato_relpropuestas": 2, "justificacion": "", "paginadelplan": 0, "valor_propuesta": -1}}, {"model": "quiz.relpropuestas", "pk": 189, "fields": {"propuesta_relpropuestas": 22, "candidato_relpropuestas": 6, "justificacion": "", "paginadelplan": 0, "valor_propuesta": -1}}, {"model": "quiz.relpropuestas", "pk": 190, "fields": {"propuesta_relpropuestas": 22, "candidato_relpropuestas": 7, "justificacion": "", "paginadelplan": 0, "valor_propuesta": -1}}, {"model": "quiz.relpropuestas", "pk": 191, "fields": {"propuesta_relpropuestas": 22, "candidato_relpropuestas": 4, "justificacion": "", "paginadelplan": 0, "valor_propuesta": -1}}, {"model": "quiz.relpropuestas", "pk": 192, "fields": {"propuesta_relpropuestas": 22, "candidato_relpropuestas": 3, "justificacion": "", "paginadelplan": 0, "valor_propuesta": 0}}, {"model": "quiz.relpropuestas", "pk": 193, "fields": {"propuesta_relpropuestas": 22, "candidato_relpropuestas": 8, "justificacion": "", "paginadelplan": 0, "valor_propuesta": 1}}, {"model": "quiz.relpropuestas", "pk": 194, "fields": {"propuesta_relpropuestas": 22, "candidato_relpropuestas": 9, "justificacion": "", "paginadelplan": 0, "valor_propuesta": 0}}, {"model": "quiz.relpropuestas", "pk": 195, "fields": {"propuesta_relpropuestas": 22, "candidato_relpropuestas": 10, "justificacion": "", "paginadelplan": 0, "valor_propuesta": -1}}, {"model": "quiz.relpropuestas", "pk": 196, "fields": {"propuesta_relpropuestas": 22, "candidato_relpropuestas": 11, "justificacion": "", "paginadelplan": 0, "valor_propuesta": 1}}, {"model": "quiz.relpropuestas", "pk": 197, "fields": {"propuesta_relpropuestas": 22, "candidato_relpropuestas": 5, "justificacion": "", "paginadelplan": 0, "valor_propuesta": -1}}, {"model": "quiz.relpropuestas", "pk": 198, "fields": {"propuesta_relpropuestas": 22, "candidato_relpropuestas": 12, "justificacion": "", "paginadelplan": 0, "valor_propuesta": 0}}, {"model": "quiz.relpropuestas", "pk": 199, "fields": {"propuesta_relpropuestas": 22, "candidato_relpropuestas": 13, "justificacion": "", "paginadelplan": 0, "valor_propuesta": 0}}, {"model": "quiz.relpropuestas", "pk": 200, "fields": {"propuesta_relpropuestas": 22, "candidato_relpropuestas": 14, "justificacion": "", "paginadelplan": 0, "valor_propuesta": 1}}, {"model": "quiz.relpropuestas", "pk": 201, "fields": {"propuesta_relpropuestas": 22, "candidato_relpropuestas": 15, "justificacion": "", "paginadelplan": 0, "valor_propuesta": 0}}, {"model": "quiz.relpropuestas", "pk": 202, "fields": {"propuesta_relpropuestas": 22, "candidato_relpropuestas": 16, "justificacion": "", "paginadelplan": 0, "valor_propuesta": 1}}, {"model": "quiz.relpropuestas", "pk": 203, "fields": {"propuesta_relpropuestas": 22, "candidato_relpropuestas": 17, "justificacion": "", "paginadelplan": 0, "valor_propuesta": 0}}, {"model": "quiz.relpropuestas", "pk": 204, "fields": {"propuesta_relpropuestas": 22, "candidato_relpropuestas": 18, "justificacion": "", "paginadelplan": 0, "valor_propuesta": 0}}, {"model": "quiz.relpropuestas", "pk": 205, "fields": {"propuesta_relpropuestas": 22, "candidato_relpropuestas": 1, "justificacion": "", "paginadelplan": 0, "valor_propuesta": -1}}, {"model": "quiz.relpropuestas", "pk": 206, "fields": {"propuesta_relpropuestas": 23, "candidato_relpropuestas": 2, "justificacion": "", "paginadelplan": 0, "valor_propuesta": 0}}, {"model": "quiz.relpropuestas", "pk": 207, "fields": {"propuesta_relpropuestas": 23, "candidato_relpropuestas": 6, "justificacion": "", "paginadelplan": 0, "valor_propuesta": -1}}, {"model": "quiz.relpropuestas", "pk": 208, "fields": {"propuesta_relpropuestas": 23, "candidato_relpropuestas": 7, "justificacion": "", "paginadelplan": 0, "valor_propuesta": 0}}, {"model": "quiz.relpropuestas", "pk": 209, "fields": {"propuesta_relpropuestas": 23, "candidato_relpropuestas": 4, "justificacion": "", "paginadelplan": 0, "valor_propuesta": 1}}, {"model": "quiz.relpropuestas", "pk": 210, "fields": {"propuesta_relpropuestas": 23, "candidato_relpropuestas": 3, "justificacion": "", "paginadelplan": 0, "valor_propuesta": 0}}, {"model": "quiz.relpropuestas", "pk": 211, "fields": {"propuesta_relpropuestas": 23, "candidato_relpropuestas": 8, "justificacion": "", "paginadelplan": 0, "valor_propuesta": -1}}, {"model": "quiz.relpropuestas", "pk": 212, "fields": {"propuesta_relpropuestas": 23, "candidato_relpropuestas": 9, "justificacion": "", "paginadelplan": 0, "valor_propuesta": 0}}, {"model": "quiz.relpropuestas", "pk": 213, "fields": {"propuesta_relpropuestas": 23, "candidato_relpropuestas": 10, "justificacion": "", "paginadelplan": 0, "valor_propuesta": 0}}, {"model": "quiz.relpropuestas", "pk": 214, "fields": {"propuesta_relpropuestas": 23, "candidato_relpropuestas": 11, "justificacion": "", "paginadelplan": 0, "valor_propuesta": 1}}, {"model": "quiz.relpropuestas", "pk": 215, "fields": {"propuesta_relpropuestas": 23, "candidato_relpropuestas": 5, "justificacion": "", "paginadelplan": 0, "valor_propuesta": 0}}, {"model": "quiz.relpropuestas", "pk": 216, "fields": {"propuesta_relpropuestas": 23, "candidato_relpropuestas": 12, "justificacion": "", "paginadelplan": 0, "valor_propuesta": 0}}, {"model": "quiz.relpropuestas", "pk": 217, "fields": {"propuesta_relpropuestas": 23, "candidato_relpropuestas": 13, "justificacion": "", "paginadelplan": 0, "valor_propuesta": -1}}, {"model": "quiz.relpropuestas", "pk": 218, "fields": {"propuesta_relpropuestas": 23, "candidato_relpropuestas": 14, "justificacion": "", "paginadelplan": 0, "valor_propuesta": 0}}, {"model": "quiz.relpropuestas", "pk": 219, "fields": {"propuesta_relpropuestas": 23, "candidato_relpropuestas": 15, "justificacion": "", "paginadelplan": 0, "valor_propuesta": 0}}, {"model": "quiz.relpropuestas", "pk": 220, "fields": {"propuesta_relpropuestas": 23, "candidato_relpropuestas": 16, "justificacion": "", "paginadelplan": 0, "valor_propuesta": 0}}, {"model": "quiz.relpropuestas", "pk": 221, "fields": {"propuesta_relpropuestas": 23, "candidato_relpropuestas": 17, "justificacion": "", "paginadelplan": 0, "valor_propuesta": -1}}, {"model": "quiz.relpropuestas", "pk": 222, "fields": {"propuesta_relpropuestas": 23, "candidato_relpropuestas": 18, "justificacion": "", "paginadelplan": 0, "valor_propuesta": -1}}, {"model": "quiz.relpropuestas", "pk": 223, "fields": {"propuesta_relpropuestas": 23, "candidato_relpropuestas": 1, "justificacion": "", "paginadelplan": 0, "valor_propuesta": 1}}, {"model": "quiz.relpropuestas", "pk": 224, "fields": {"propuesta_relpropuestas": 24, "candidato_relpropuestas": 2, "justificacion": "", "paginadelplan": 0, "valor_propuesta": 1}}, {"model": "quiz.relpropuestas", "pk": 225, "fields": {"propuesta_relpropuestas": 24, "candidato_relpropuestas": 6, "justificacion": "", "paginadelplan": 0, "valor_propuesta": 1}}, {"model": "quiz.relpropuestas", "pk": 226, "fields": {"propuesta_relpropuestas": 24, "candidato_relpropuestas": 7, "justificacion": "", "paginadelplan": 0, "valor_propuesta": 0}}, {"model": "quiz.relpropuestas", "pk": 227, "fields": {"propuesta_relpropuestas": 24, "candidato_relpropuestas": 4, "justificacion": "", "paginadelplan": 0, "valor_propuesta": 1}}, {"model": "quiz.relpropuestas", "pk": 228, "fields": {"propuesta_relpropuestas": 24, "candidato_relpropuestas": 3, "justificacion": "", "paginadelplan": 0, "valor_propuesta": 0}}, {"model": "quiz.relpropuestas", "pk": 229, "fields": {"propuesta_relpropuestas": 24, "candidato_relpropuestas": 8, "justificacion": "", "paginadelplan": 0, "valor_propuesta": -1}}, {"model": "quiz.relpropuestas", "pk": 230, "fields": {"propuesta_relpropuestas": 24, "candidato_relpropuestas": 9, "justificacion": "", "paginadelplan": 0, "valor_propuesta": 1}}, {"model": "quiz.relpropuestas", "pk": 231, "fields": {"propuesta_relpropuestas": 24, "candidato_relpropuestas": 10, "justificacion": "", "paginadelplan": 0, "valor_propuesta": 0}}, {"model": "quiz.relpropuestas", "pk": 232, "fields": {"propuesta_relpropuestas": 24, "candidato_relpropuestas": 11, "justificacion": "", "paginadelplan": 0, "valor_propuesta": 1}}, {"model": "quiz.relpropuestas", "pk": 233, "fields": {"propuesta_relpropuestas": 24, "candidato_relpropuestas": 5, "justificacion": "", "paginadelplan": 0, "valor_propuesta": -1}}, {"model": "quiz.relpropuestas", "pk": 234, "fields": {"propuesta_relpropuestas": 24, "candidato_relpropuestas": 12, "justificacion": "", "paginadelplan": 0, "valor_propuesta": 1}}, {"model": "quiz.relpropuestas", "pk": 235, "fields": {"propuesta_relpropuestas": 24, "candidato_relpropuestas": 13, "justificacion": "", "paginadelplan": 0, "valor_propuesta": 1}}, {"model": "quiz.relpropuestas", "pk": 236, "fields": {"propuesta_relpropuestas": 24, "candidato_relpropuestas": 14, "justificacion": "", "paginadelplan": 0, "valor_propuesta": 0}}, {"model": "quiz.relpropuestas", "pk": 237, "fields": {"propuesta_relpropuestas": 24, "candidato_relpropuestas": 15, "justificacion": "", "paginadelplan": 0, "valor_propuesta": -1}}, {"model": "quiz.relpropuestas", "pk": 238, "fields": {"propuesta_relpropuestas": 24, "candidato_relpropuestas": 16, "justificacion": "", "paginadelplan": 0, "valor_propuesta": -1}}, {"model": "quiz.relpropuestas", "pk": 239, "fields": {"propuesta_relpropuestas": 24, "candidato_relpropuestas": 17, "justificacion": "", "paginadelplan": 0, "valor_propuesta": -1}}, {"model": "quiz.relpropuestas", "pk": 240, "fields": {"propuesta_relpropuestas": 24, "candidato_relpropuestas": 18, "justificacion": "", "paginadelplan": 0, "valor_propuesta": -1}}, {"model": "quiz.relpropuestas", "pk": 241, "fields": {"propuesta_relpropuestas": 24, "candidato_relpropuestas": 1, "justificacion": "", "paginadelplan": 0, "valor_propuesta": 0}}, {"model": "quiz.relpropuestas", "pk": 242, "fields": {"propuesta_relpropuestas": 25, "candidato_relpropuestas": 2, "justificacion": "", "paginadelplan": 0, "valor_propuesta": 0}}, {"model": "quiz.relpropuestas", "pk": 243, "fields": {"propuesta_relpropuestas": 25, "candidato_relpropuestas": 6, "justificacion": "", "paginadelplan": 0, "valor_propuesta": 1}}, {"model": "quiz.relpropuestas", "pk": 244, "fields": {"propuesta_relpropuestas": 25, "candidato_relpropuestas": 7, "justificacion": "", "paginadelplan": 0, "valor_propuesta": 0}}, {"model": "quiz.relpropuestas", "pk": 245, "fields": {"propuesta_relpropuestas": 25, "candidato_relpropuestas": 4, "justificacion": "", "paginadelplan": 0, "valor_propuesta": 0}}, {"model": "quiz.relpropuestas", "pk": 246, "fields": {"propuesta_relpropuestas": 25, "candidato_relpropuestas": 3, "justificacion": "", "paginadelplan": 0, "valor_propuesta": -1}}, {"model": "quiz.relpropuestas", "pk": 247, "fields": {"propuesta_relpropuestas": 25, "candidato_relpropuestas": 8, "justificacion": "", "paginadelplan": 0, "valor_propuesta": -1}}, {"model": "quiz.relpropuestas", "pk": 248, "fields": {"propuesta_relpropuestas": 25, "candidato_relpropuestas": 9, "justificacion": "", "paginadelplan": 0, "valor_propuesta": 0}}, {"model": "quiz.relpropuestas", "pk": 249, "fields": {"propuesta_relpropuestas": 25, "candidato_relpropuestas": 10, "justificacion": "", "paginadelplan": 0, "valor_propuesta": -1}}, {"model": "quiz.relpropuestas", "pk": 250, "fields": {"propuesta_relpropuestas": 25, "candidato_relpropuestas": 11, "justificacion": "", "paginadelplan": 0, "valor_propuesta": -1}}, {"model": "quiz.relpropuestas", "pk": 251, "fields": {"propuesta_relpropuestas": 25, "candidato_relpropuestas": 5, "justificacion": "", "paginadelplan": 0, "valor_propuesta": -1}}, {"model": "quiz.relpropuestas", "pk": 252, "fields": {"propuesta_relpropuestas": 25, "candidato_relpropuestas": 12, "justificacion": "", "paginadelplan": 0, "valor_propuesta": 0}}, {"model": "quiz.relpropuestas", "pk": 253, "fields": {"propuesta_relpropuestas": 25, "candidato_relpropuestas": 13, "justificacion": "", "paginadelplan": 0, "valor_propuesta": 0}}, {"model": "quiz.relpropuestas", "pk": 254, "fields": {"propuesta_relpropuestas": 25, "candidato_relpropuestas": 14, "justificacion": "", "paginadelplan": 0, "valor_propuesta": 0}}, {"model": "quiz.relpropuestas", "pk": 255, "fields": {"propuesta_relpropuestas": 25, "candidato_relpropuestas": 15, "justificacion": "", "paginadelplan": 0, "valor_propuesta": 1}}, {"model": "quiz.relpropuestas", "pk": 256, "fields": {"propuesta_relpropuestas": 25, "candidato_relpropuestas": 16, "justificacion": "", "paginadelplan": 0, "valor_propuesta": 1}}, {"model": "quiz.relpropuestas", "pk": 257, "fields": {"propuesta_relpropuestas": 25, "candidato_relpropuestas": 17, "justificacion": "", "paginadelplan": 0, "valor_propuesta": 0}}, {"model": "quiz.relpropuestas", "pk": 258, "fields": {"propuesta_relpropuestas": 25, "candidato_relpropuestas": 18, "justificacion": "", "paginadelplan": 0, "valor_propuesta": -1}}, {"model": "quiz.relpropuestas", "pk": 259, "fields": {"propuesta_relpropuestas": 25, "candidato_relpropuestas": 1, "justificacion": "", "paginadelplan": 0, "valor_propuesta": 1}}, {"model": "quiz.relpropuestas", "pk": 260, "fields": {"propuesta_relpropuestas": 26, "candidato_relpropuestas": 2, "justificacion": "", "paginadelplan": 0, "valor_propuesta": -1}}, {"model": "quiz.relpropuestas", "pk": 261, "fields": {"propuesta_relpropuestas": 26, "candidato_relpropuestas": 6, "justificacion": "", "paginadelplan": 0, "valor_propuesta": 1}}, {"model": "quiz.relpropuestas", "pk": 262, "fields": {"propuesta_relpropuestas": 26, "candidato_relpropuestas": 7, "justificacion": "", "paginadelplan": 0, "valor_propuesta": 0}}, {"model": "quiz.relpropuestas", "pk": 263, "fields": {"propuesta_relpropuestas": 26, "candidato_relpropuestas": 4, "justificacion": "", "paginadelplan": 0, "valor_propuesta": -1}}, {"model": "quiz.relpropuestas", "pk": 264, "fields": {"propuesta_relpropuestas": 26, "candidato_relpropuestas": 3, "justificacion": "", "paginadelplan": 0, "valor_propuesta": 1}}, {"model": "quiz.relpropuestas", "pk": 265, "fields": {"propuesta_relpropuestas": 26, "candidato_relpropuestas": 8, "justificacion": "", "paginadelplan": 0, "valor_propuesta": 1}}, {"model": "quiz.relpropuestas", "pk": 266, "fields": {"propuesta_relpropuestas": 26, "candidato_relpropuestas": 9, "justificacion": "", "paginadelplan": 0, "valor_propuesta": 0}}, {"model": "quiz.relpropuestas", "pk": 267, "fields": {"propuesta_relpropuestas": 26, "candidato_relpropuestas": 10, "justificacion": "", "paginadelplan": 0, "valor_propuesta": 0}}, {"model": "quiz.relpropuestas", "pk": 268, "fields": {"propuesta_relpropuestas": 26, "candidato_relpropuestas": 11, "justificacion": "", "paginadelplan": 0, "valor_propuesta": -1}}, {"model": "quiz.relpropuestas", "pk": 269, "fields": {"propuesta_relpropuestas": 26, "candidato_relpropuestas": 5, "justificacion": "", "paginadelplan": 0, "valor_propuesta": 0}}, {"model": "quiz.relpropuestas", "pk": 270, "fields": {"propuesta_relpropuestas": 26, "candidato_relpropuestas": 12, "justificacion": "", "paginadelplan": 0, "valor_propuesta": 0}}, {"model": "quiz.relpropuestas", "pk": 271, "fields": {"propuesta_relpropuestas": 26, "candidato_relpropuestas": 13, "justificacion": "", "paginadelplan": 0, "valor_propuesta": 1}}, {"model": "quiz.relpropuestas", "pk": 272, "fields": {"propuesta_relpropuestas": 26, "candidato_relpropuestas": 14, "justificacion": "", "paginadelplan": 0, "valor_propuesta": -1}}, {"model": "quiz.relpropuestas", "pk": 273, "fields": {"propuesta_relpropuestas": 26, "candidato_relpropuestas": 15, "justificacion": "", "paginadelplan": 0, "valor_propuesta": -1}}, {"model": "quiz.relpropuestas", "pk": 274, "fields": {"propuesta_relpropuestas": 26, "candidato_relpropuestas": 16, "justificacion": "", "paginadelplan": 0, "valor_propuesta": 0}}, {"model": "quiz.relpropuestas", "pk": 275, "fields": {"propuesta_relpropuestas": 26, "candidato_relpropuestas": 17, "justificacion": "", "paginadelplan": 0, "valor_propuesta": -1}}, {"model": "quiz.relpropuestas", "pk": 276, "fields": {"propuesta_relpropuestas": 26, "candidato_relpropuestas": 18, "justificacion": "", "paginadelplan": 0, "valor_propuesta": 1}}, {"model": "quiz.relpropuestas", "pk": 277, "fields": {"propuesta_relpropuestas": 26, "candidato_relpropuestas": 1, "justificacion": "", "paginadelplan": 0, "valor_propuesta": -1}}, {"model": "quiz.relpropuestas", "pk": 278, "fields": {"propuesta_relpropuestas": 27, "candidato_relpropuestas": 2, "justificacion": "", "paginadelplan": 0, "valor_propuesta": 1}}, {"model": "quiz.relpropuestas", "pk": 279, "fields": {"propuesta_relpropuestas": 27, "candidato_relpropuestas": 6, "justificacion": "", "paginadelplan": 0, "valor_propuesta": -1}}, {"model": "quiz.relpropuestas", "pk": 280, "fields": {"propuesta_relpropuestas": 27, "candidato_relpropuestas": 7, "justificacion": "", "paginadelplan": 0, "valor_propuesta": 1}}, {"model": "quiz.relpropuestas", "pk": 281, "fields": {"propuesta_relpropuestas": 27, "candidato_relpropuestas": 4, "justificacion": "", "paginadelplan": 0, "valor_propuesta": -1}}, {"model": "quiz.relpropuestas", "pk": 282, "fields": {"propuesta_relpropuestas": 27, "candidato_relpropuestas": 3, "justificacion": "", "paginadelplan": 0, "valor_propuesta": 1}}, {"model": "quiz.relpropuestas", "pk": 283, "fields": {"propuesta_relpropuestas": 27, "candidato_relpropuestas": 8, "justificacion": "", "paginadelplan": 0, "valor_propuesta": -1}}, {"model": "quiz.relpropuestas", "pk": 284, "fields": {"propuesta_relpropuestas": 27, "candidato_relpropuestas": 9, "justificacion": "", "paginadelplan": 0, "valor_propuesta": 1}}, {"model": "quiz.relpropuestas", "pk": 285, "fields": {"propuesta_relpropuestas": 27, "candidato_relpropuestas": 10, "justificacion": "", "paginadelplan": 0, "valor_propuesta": 1}}, {"model": "quiz.relpropuestas", "pk": 286, "fields": {"propuesta_relpropuestas": 27, "candidato_relpropuestas": 11, "justificacion": "", "paginadelplan": 0, "valor_propuesta": 1}}, {"model": "quiz.relpropuestas", "pk": 287, "fields": {"propuesta_relpropuestas": 27, "candidato_relpropuestas": 5, "justificacion": "", "paginadelplan": 0, "valor_propuesta": 1}}, {"model": "quiz.relpropuestas", "pk": 288, "fields": {"propuesta_relpropuestas": 27, "candidato_relpropuestas": 12, "justificacion": "", "paginadelplan": 0, "valor_propuesta": 0}}, {"model": "quiz.relpropuestas", "pk": 289, "fields": {"propuesta_relpropuestas": 27, "candidato_relpropuestas": 13, "justificacion": "", "paginadelplan": 0, "valor_propuesta": 1}}, {"model": "quiz.relpropuestas", "pk": 290, "fields": {"propuesta_relpropuestas": 27, "candidato_relpropuestas": 14, "justificacion": "", "paginadelplan": 0, "valor_propuesta": -1}}, {"model": "quiz.relpropuestas", "pk": 291, "fields": {"propuesta_relpropuestas": 27, "candidato_relpropuestas": 15, "justificacion": "", "paginadelplan": 0, "valor_propuesta": -1}}, {"model": "quiz.relpropuestas", "pk": 292, "fields": {"propuesta_relpropuestas": 27, "candidato_relpropuestas": 16, "justificacion": "", "paginadelplan": 0, "valor_propuesta": 0}}, {"model": "quiz.relpropuestas", "pk": 293, "fields": {"propuesta_relpropuestas": 27, "candidato_relpropuestas": 17, "justificacion": "", "paginadelplan": 0, "valor_propuesta": -1}}, {"model": "quiz.relpropuestas", "pk": 294, "fields": {"propuesta_relpropuestas": 27, "candidato_relpropuestas": 18, "justificacion": "", "paginadelplan": 0, "valor_propuesta": -1}}, {"model": "quiz.relpropuestas", "pk": 295, "fields": {"propuesta_relpropuestas": 27, "candidato_relpropuestas": 1, "justificacion": "", "paginadelplan": 0, "valor_propuesta": 0}}, {"model": "quiz.relpropuestas", "pk": 296, "fields": {"propuesta_relpropuestas": 28, "candidato_relpropuestas": 2, "justificacion": "", "paginadelplan": 0, "valor_propuesta": -1}}, {"model": "quiz.relpropuestas", "pk": 297, "fields": {"propuesta_relpropuestas": 28, "candidato_relpropuestas": 6, "justificacion": "", "paginadelplan": 0, "valor_propuesta": 0}}, {"model": "quiz.relpropuestas", "pk": 298, "fields": {"propuesta_relpropuestas": 28, "candidato_relpropuestas": 7, "justificacion": "", "paginadelplan": 0, "valor_propuesta": 0}}, {"model": "quiz.relpropuestas", "pk": 299, "fields": {"propuesta_relpropuestas": 28, "candidato_relpropuestas": 4, "justificacion": "", "paginadelplan": 0, "valor_propuesta": -1}}, {"model": "quiz.relpropuestas", "pk": 300, "fields": {"propuesta_relpropuestas": 28, "candidato_relpropuestas": 3, "justificacion": "", "paginadelplan": 0, "valor_propuesta": 0}}, {"model": "quiz.relpropuestas", "pk": 301, "fields": {"propuesta_relpropuestas": 28, "candidato_relpropuestas": 8, "justificacion": "", "paginadelplan": 0, "valor_propuesta": 0}}, {"model": "quiz.relpropuestas", "pk": 302, "fields": {"propuesta_relpropuestas": 28, "candidato_relpropuestas": 9, "justificacion": "", "paginadelplan": 0, "valor_propuesta": -1}}, {"model": "quiz.relpropuestas", "pk": 303, "fields": {"propuesta_relpropuestas": 28, "candidato_relpropuestas": 10, "justificacion": "", "paginadelplan": 0, "valor_propuesta": -1}}, {"model": "quiz.relpropuestas", "pk": 304, "fields": {"propuesta_relpropuestas": 28, "candidato_relpropuestas": 11, "justificacion": "", "paginadelplan": 0, "valor_propuesta": 0}}, {"model": "quiz.relpropuestas", "pk": 305, "fields": {"propuesta_relpropuestas": 28, "candidato_relpropuestas": 5, "justificacion": "", "paginadelplan": 0, "valor_propuesta": 1}}, {"model": "quiz.relpropuestas", "pk": 306, "fields": {"propuesta_relpropuestas": 28, "candidato_relpropuestas": 12, "justificacion": "", "paginadelplan": 0, "valor_propuesta": -1}}, {"model": "quiz.relpropuestas", "pk": 307, "fields": {"propuesta_relpropuestas": 28, "candidato_relpropuestas": 13, "justificacion": "", "paginadelplan": 0, "valor_propuesta": 1}}, {"model": "quiz.relpropuestas", "pk": 308, "fields": {"propuesta_relpropuestas": 28, "candidato_relpropuestas": 14, "justificacion": "", "paginadelplan": 0, "valor_propuesta": 1}}, {"model": "quiz.relpropuestas", "pk": 309, "fields": {"propuesta_relpropuestas": 28, "candidato_relpropuestas": 15, "justificacion": "", "paginadelplan": 0, "valor_propuesta": 1}}, {"model": "quiz.relpropuestas", "pk": 310, "fields": {"propuesta_relpropuestas": 28, "candidato_relpropuestas": 16, "justificacion": "", "paginadelplan": 0, "valor_propuesta": -1}}, {"model": "quiz.relpropuestas", "pk": 311, "fields": {"propuesta_relpropuestas": 28, "candidato_relpropuestas": 17, "justificacion": "", "paginadelplan": 0, "valor_propuesta": 0}}, {"model": "quiz.relpropuestas", "pk": 312, "fields": {"propuesta_relpropuestas": 28, "candidato_relpropuestas": 18, "justificacion": "", "paginadelplan": 0, "valor_propuesta": 0}}, {"model": "quiz.relpropuestas", "pk": 313, "fields": {"propuesta_relpropuestas": 28, "candidato_relpropuestas": 1, "justificacion": "", "paginadelplan": 0, "valor_propuesta": -1}}, {"model": "quiz.relpropuestas", "pk": 314, "fields": {"propuesta_relpropuestas": 29, "candidato_relpropuestas": 2, "justificacion": "", "paginadelplan": 0, "valor_propuesta": 1}}, {"model": "quiz.relpropuestas", "pk": 315, "fields": {"propuesta_relpropuestas": 29, "candidato_relpropuestas": 6, "justificacion": "", "paginadelplan": 0, "valor_propuesta": 0}}, {"model": "quiz.relpropuestas", "pk": 316, "fields": {"propuesta_relpropuestas": 29, "candidato_relpropuestas": 7, "justificacion": "", "paginadelplan": 0, "valor_propuesta": -1}}, {"model": "quiz.relpropuestas", "pk": 317, "fields": {"propuesta_relpropuestas": 29, "candidato_relpropuestas": 4, "justificacion": "", "paginadelplan": 0, "valor_propuesta": -1}}, {"model": "quiz.relpropuestas", "pk": 318, "fields": {"propuesta_relpropuestas": 29, "candidato_relpropuestas": 3, "justificacion": "", "paginadelplan": 0, "valor_propuesta": -1}}, {"model": "quiz.relpropuestas", "pk": 319, "fields": {"propuesta_relpropuestas": 29, "candidato_relpropuestas": 8, "justificacion": "", "paginadelplan": 0, "valor_propuesta": -1}}, {"model": "quiz.relpropuestas", "pk": 320, "fields": {"propuesta_relpropuestas": 29, "candidato_relpropuestas": 9, "justificacion": "", "paginadelplan": 0, "valor_propuesta": -1}}, {"model": "quiz.relpropuestas", "pk": 321, "fields": {"propuesta_relpropuestas": 29, "candidato_relpropuestas": 10, "justificacion": "", "paginadelplan": 0, "valor_propuesta": -1}}, {"model": "quiz.relpropuestas", "pk": 322, "fields": {"propuesta_relpropuestas": 29, "candidato_relpropuestas": 11, "justificacion": "", "paginadelplan": 0, "valor_propuesta": 1}}, {"model": "quiz.relpropuestas", "pk": 323, "fields": {"propuesta_relpropuestas": 29, "candidato_relpropuestas": 5, "justificacion": "", "paginadelplan": 0, "valor_propuesta": -1}}, {"model": "quiz.relpropuestas", "pk": 324, "fields": {"propuesta_relpropuestas": 29, "candidato_relpropuestas": 12, "justificacion": "", "paginadelplan": 0, "valor_propuesta": 1}}, {"model": "quiz.relpropuestas", "pk": 325, "fields": {"propuesta_relpropuestas": 29, "candidato_relpropuestas": 13, "justificacion": "", "paginadelplan": 0, "valor_propuesta": 0}}, {"model": "quiz.relpropuestas", "pk": 326, "fields": {"propuesta_relpropuestas": 29, "candidato_relpropuestas": 14, "justificacion": "", "paginadelplan": 0, "valor_propuesta": 1}}, {"model": "quiz.relpropuestas", "pk": 327, "fields": {"propuesta_relpropuestas": 29, "candidato_relpropuestas": 15, "justificacion": "", "paginadelplan": 0, "valor_propuesta": 1}}, {"model": "quiz.relpropuestas", "pk": 328, "fields": {"propuesta_relpropuestas": 29, "candidato_relpropuestas": 16, "justificacion": "", "paginadelplan": 0, "valor_propuesta": -1}}, {"model": "quiz.relpropuestas", "pk": 329, "fields": {"propuesta_relpropuestas": 29, "candidato_relpropuestas": 17, "justificacion": "", "paginadelplan": 0, "valor_propuesta": 1}}, {"model": "quiz.relpropuestas", "pk": 330, "fields": {"propuesta_relpropuestas": 29, "candidato_relpropuestas": 18, "justificacion": "", "paginadelplan": 0, "valor_propuesta": -1}}, {"model": "quiz.relpropuestas", "pk": 331, "fields": {"propuesta_relpropuestas": 29, "candidato_relpropuestas": 1, "justificacion": "", "paginadelplan": 0, "valor_propuesta": 1}}, {"model": "quiz.relpropuestas", "pk": 332, "fields": {"propuesta_relpropuestas": 30, "candidato_relpropuestas": 2, "justificacion": "", "paginadelplan": 0, "valor_propuesta": -1}}, {"model": "quiz.relpropuestas", "pk": 333, "fields": {"propuesta_relpropuestas": 30, "candidato_relpropuestas": 6, "justificacion": "", "paginadelplan": 0, "valor_propuesta": -1}}, {"model": "quiz.relpropuestas", "pk": 334, "fields": {"propuesta_relpropuestas": 30, "candidato_relpropuestas": 7, "justificacion": "", "paginadelplan": 0, "valor_propuesta": -1}}, {"model": "quiz.relpropuestas", "pk": 335, "fields": {"propuesta_relpropuestas": 30, "candidato_relpropuestas": 4, "justificacion": "", "paginadelplan": 0, "valor_propuesta": 0}}, {"model": "quiz.relpropuestas", "pk": 336, "fields": {"propuesta_relpropuestas": 30, "candidato_relpropuestas": 3, "justificacion": "", "paginadelplan": 0, "valor_propuesta": 1}}, {"model": "quiz.relpropuestas", "pk": 337, "fields": {"propuesta_relpropuestas": 30, "candidato_relpropuestas": 8, "justificacion": "", "paginadelplan": 0, "valor_propuesta": 0}}, {"model": "quiz.relpropuestas", "pk": 338, "fields": {"propuesta_relpropuestas": 30, "candidato_relpropuestas": 9, "justificacion": "", "paginadelplan": 0, "valor_propuesta": -1}}, {"model": "quiz.relpropuestas", "pk": 339, "fields": {"propuesta_relpropuestas": 30, "candidato_relpropuestas": 10, "justificacion": "", "paginadelplan": 0, "valor_propuesta": -1}}, {"model": "quiz.relpropuestas", "pk": 340, "fields": {"propuesta_relpropuestas": 30, "candidato_relpropuestas": 11, "justificacion": "", "paginadelplan": 0, "valor_propuesta": 1}}, {"model": "quiz.relpropuestas", "pk": 341, "fields": {"propuesta_relpropuestas": 30, "candidato_relpropuestas": 5, "justificacion": "", "paginadelplan": 0, "valor_propuesta": 0}}, {"model": "quiz.relpropuestas", "pk": 342, "fields": {"propuesta_relpropuestas": 30, "candidato_relpropuestas": 12, "justificacion": "", "paginadelplan": 0, "valor_propuesta": -1}}, {"model": "quiz.relpropuestas", "pk": 343, "fields": {"propuesta_relpropuestas": 30, "candidato_relpropuestas": 13, "justificacion": "", "paginadelplan": 0, "valor_propuesta": 1}}, {"model": "quiz.relpropuestas", "pk": 344, "fields": {"propuesta_relpropuestas": 30, "candidato_relpropuestas": 14, "justificacion": "", "paginadelplan": 0, "valor_propuesta": -1}}, {"model": "quiz.relpropuestas", "pk": 345, "fields": {"propuesta_relpropuestas": 30, "candidato_relpropuestas": 15, "justificacion": "", "paginadelplan": 0, "valor_propuesta": 1}}, {"model": "quiz.relpropuestas", "pk": 346, "fields": {"propuesta_relpropuestas": 30, "candidato_relpropuestas": 16, "justificacion": "", "paginadelplan": 0, "valor_propuesta": 0}}, {"model": "quiz.relpropuestas", "pk": 347, "fields": {"propuesta_relpropuestas": 30, "candidato_relpropuestas": 17, "justificacion": "", "paginadelplan": 0, "valor_propuesta": -1}}, {"model": "quiz.relpropuestas", "pk": 348, "fields": {"propuesta_relpropuestas": 30, "candidato_relpropuestas": 18, "justificacion": "", "paginadelplan": 0, "valor_propuesta": -1}}, {"model": "quiz.relpropuestas", "pk": 349, "fields": {"propuesta_relpropuestas": 30, "candidato_relpropuestas": 1, "justificacion": "", "paginadelplan": 0, "valor_propuesta": -1}}, {"model": "quiz.relpropuestas", "pk": 350, "fields": {"propuesta_relpropuestas": 31, "candidato_relpropuestas": 2, "justificacion": "", "paginadelplan": 0, "valor_propuesta": 0}}, {"model": "quiz.relpropuestas", "pk": 351, "fields": {"propuesta_relpropuestas": 31, "candidato_relpropuestas": 6, "justificacion": "", "paginadelplan": 0, "valor_propuesta": -1}}, {"model": "quiz.relpropuestas", "pk": 352, "fields": {"propuesta_relpropuestas": 31, "candidato_relpropuestas": 7, "justificacion": "", "paginadelplan": 0, "valor_propuesta": 0}}, {"model": "quiz.relpropuestas", "pk": 353, "fields": {"propuesta_relpropuestas": 31, "candidato_relpropuestas": 4, "justificacion": "", "paginadelplan": 0, "valor_propuesta": 1}}, {"model": "quiz.relpropuestas", "pk": 354, "fields": {"propuesta_relpropuestas": 31, "candidato_relpropuestas": 3, "justificacion": "", "paginadelplan": 0, "valor_propuesta": 1}}, {"model": "quiz.relpropuestas", "pk": 355, "fields": {"propuesta_relpropuestas": 31, "candidato_relpropuestas": 8, "justificacion": "", "paginadelplan": 0, "valor_propuesta": 0}}, {"model": "quiz.relpropuestas", "pk": 356, "fields": {"propuesta_relpropuestas": 31, "candidato_relpropuestas": 9, "justificacion": "", "paginadelplan": 0, "valor_propuesta": 0}}, {"model": "quiz.relpropuestas", "pk": 357, "fields": {"propuesta_relpropuestas": 31, "candidato_relpropuestas": 10, "justificacion": "", "paginadelplan": 0, "valor_propuesta": 0}}, {"model": "quiz.relpropuestas", "pk": 358, "fields": {"propuesta_relpropuestas": 31, "candidato_relpropuestas": 11, "justificacion": "", "paginadelplan": 0, "valor_propuesta": 1}}, {"model": "quiz.relpropuestas", "pk": 359, "fields": {"propuesta_relpropuestas": 31, "candidato_relpropuestas": 5, "justificacion": "", "paginadelplan": 0, "valor_propuesta": 0}}, {"model": "quiz.relpropuestas", "pk": 360, "fields": {"propuesta_relpropuestas": 31, "candidato_relpropuestas": 12, "justificacion": "", "paginadelplan": 0, "valor_propuesta": 1}}, {"model": "quiz.relpropuestas", "pk": 361, "fields": {"propuesta_relpropuestas": 31, "candidato_relpropuestas": 13, "justificacion": "", "paginadelplan": 0, "valor_propuesta": -1}}, {"model": "quiz.relpropuestas", "pk": 362, "fields": {"propuesta_relpropuestas": 31, "candidato_relpropuestas": 14, "justificacion": "", "paginadelplan": 0, "valor_propuesta": -1}}, {"model": "quiz.relpropuestas", "pk": 363, "fields": {"propuesta_relpropuestas": 31, "candidato_relpropuestas": 15, "justificacion": "", "paginadelplan": 0, "valor_propuesta": -1}}, {"model": "quiz.relpropuestas", "pk": 364, "fields": {"propuesta_relpropuestas": 31, "candidato_relpropuestas": 16, "justificacion": "", "paginadelplan": 0, "valor_propuesta": -1}}, {"model": "quiz.relpropuestas", "pk": 365, "fields": {"propuesta_relpropuestas": 31, "candidato_relpropuestas": 17, "justificacion": "", "paginadelplan": 0, "valor_propuesta": 1}}, {"model": "quiz.relpropuestas", "pk": 366, "fields": {"propuesta_relpropuestas": 31, "candidato_relpropuestas": 18, "justificacion": "", "paginadelplan": 0, "valor_propuesta": 0}}, {"model": "quiz.relpropuestas", "pk": 367, "fields": {"propuesta_relpropuestas": 31, "candidato_relpropuestas": 1, "justificacion": "", "paginadelplan": 0, "valor_propuesta": 0}}, {"model": "quiz.relpropuestas", "pk": 368, "fields": {"propuesta_relpropuestas": 32, "candidato_relpropuestas": 2, "justificacion": "", "paginadelplan": 0, "valor_propuesta": -1}}, {"model": "quiz.relpropuestas", "pk": 369, "fields": {"propuesta_relpropuestas": 32, "candidato_relpropuestas": 6, "justificacion": "", "paginadelplan": 0, "valor_propuesta": 0}}, {"model": "quiz.relpropuestas", "pk": 370, "fields": {"propuesta_relpropuestas": 32, "candidato_relpropuestas": 7, "justificacion": "", "paginadelplan": 0, "valor_propuesta": 0}}, {"model": "quiz.relpropuestas", "pk": 371, "fields": {"propuesta_relpropuestas": 32, "candidato_relpropuestas": 4, "justificacion": "", "paginadelplan": 0, "valor_propuesta": 0}}, {"model": "quiz.relpropuestas", "pk": 372, "fields": {"propuesta_relpropuestas": 32, "candidato_relpropuestas": 3, "justificacion": "", "paginadelplan": 0, "valor_propuesta": 0}}, {"model": "quiz.relpropuestas", "pk": 373, "fields": {"propuesta_relpropuestas": 32, "candidato_relpropuestas": 8, "justificacion": "", "paginadelplan": 0, "valor_propuesta": 1}}, {"model": "quiz.relpropuestas", "pk": 374, "fields": {"propuesta_relpropuestas": 32, "candidato_relpropuestas": 9, "justificacion": "", "paginadelplan": 0, "valor_propuesta": 0}}, {"model": "quiz.relpropuestas", "pk": 375, "fields": {"propuesta_relpropuestas": 32, "candidato_relpropuestas": 10, "justificacion": "", "paginadelplan": 0, "valor_propuesta": 1}}, {"model": "quiz.relpropuestas", "pk": 376, "fields": {"propuesta_relpropuestas": 32, "candidato_relpropuestas": 11, "justificacion": "", "paginadelplan": 0, "valor_propuesta": -1}}, {"model": "quiz.relpropuestas", "pk": 377, "fields": {"propuesta_relpropuestas": 32, "candidato_relpropuestas": 5, "justificacion": "", "paginadelplan": 0, "valor_propuesta": -1}}, {"model": "quiz.relpropuestas", "pk": 378, "fields": {"propuesta_relpropuestas": 32, "candidato_relpropuestas": 12, "justificacion": "", "paginadelplan": 0, "valor_propuesta": 1}}, {"model": "quiz.relpropuestas", "pk": 379, "fields": {"propuesta_relpropuestas": 32, "candidato_relpropuestas": 13, "justificacion": "", "paginadelplan": 0, "valor_propuesta": 1}}, {"model": "quiz.relpropuestas", "pk": 380, "fields": {"propuesta_relpropuestas": 32, "candidato_relpropuestas": 14, "justificacion": "", "paginadelplan": 0, "valor_propuesta": 0}}, {"model": "quiz.relpropuestas", "pk": 381, "fields": {"propuesta_relpropuestas": 32, "candidato_relpropuestas": 15, "justificacion": "", "paginadelplan": 0, "valor_propuesta": -1}}, {"model": "quiz.relpropuestas", "pk": 382, "fields": {"propuesta_relpropuestas": 32, "candidato_relpropuestas": 16, "justificacion": "", "paginadelplan": 0, "valor_propuesta": 0}}, {"model": "quiz.relpropuestas", "pk": 383, "fields": {"propuesta_relpropuestas": 32, "candidato_relpropuestas": 17, "justificacion": "", "paginadelplan": 0, "valor_propuesta": 1}}, {"model": "quiz.relpropuestas", "pk": 384, "fields": {"propuesta_relpropuestas": 32, "candidato_relpropuestas": 18, "justificacion": "", "paginadelplan": 0, "valor_propuesta": -1}}, {"model": "quiz.relpropuestas", "pk": 385, "fields": {"propuesta_relpropuestas": 32, "candidato_relpropuestas": 1, "justificacion": "", "paginadelplan": 0, "valor_propuesta": 0}}]